<!--
================================================================================
== DigiTecK3D Procedural Shader Library
== Copyright (c) 2013 DigiTecK3D. All Rights Reserved.
================================================================================
== File: DT3D_BrownianNoise.xml
== Description: Fractal brownian procedural noise node.
================================================================================
== Author: Miguel A Santiago Jr.
== Web: www.digiteck3d.com
== Email: miguel@digiteck3d.com
================================================================================
== Modified Date: June, 15 2014
================================================================================
== Redistribution and use in source and binary forms, with or without
== modification, are permitted provided that the following conditions are met:
==
== 1. Redistributions of source code must retain the above copyright
== notice, this list of conditions and the following disclaimer.
==
== 2. Redistributions in binary form must reproduce the above copyright
== notice, this list of conditions and the following disclaimer in the
== documentation and/or other materials provided with the distribution.
==
== 3. Neither the name of the copyright holder nor the names of its
== contributors may be used to endorse or promote products derived from
== this software without specific prior written permission.
==
== THIS SOFTWARE IS PROVIDED BY THE COPYRIGHT HOLDERS AND CONTRIBUTORS "AS
== IS" AND ANY EXPRESS OR IMPLIED WARRANTIES, INCLUDING, BUT NOT LIMITED TO,
== THE IMPLIED WARRANTIES OF MERCHANTABILITY AND FITNESS FOR A PARTICULAR
== PURPOSE ARE DISCLAIMED. IN NO EVENT SHALL THE COPYRIGHT HOLDER OR
== CONTRIBUTORS BE LIABLE FOR ANY DIRECT, INDIRECT, INCIDENTAL, SPECIAL,
== EXEMPLARY, OR CONSEQUENTIAL DAMAGES (INCLUDING, BUT NOT LIMITED TO,
== PROCUREMENT OF SUBSTITUTE GOODS OR SERVICES; LOSS OF USE, DATA, OR PROFITS;
== OR BUSINESS INTERRUPTION) HOWEVER CAUSED AND ON ANY THEORY OF LIABILITY,
== WHETHER IN CONTRACT, STRICT LIABILITY, OR TORT (INCLUDING NEGLIGENCE OR
== OTHERWISE) ARISING IN ANY WAY OUT OF THE USE OF THIS SOFTWARE, EVEN IF
== ADVISED OF HE POSSIBILITY OF SUCH DAMAGE.
================================================================================
-->

<Node>
    <ID>Brownian Noise</ID>
    <DefaultName>Brownian Noise</DefaultName>
    <Category>Procedural/Custom/FBM/</Category>
    <Inputs>
        <Input Name="Input"></Input>
    </Inputs>
    <Attributes>
        <!--===============================================================================================================-->
        <Attribute Name="colorA" PrettyName="Color A" Group="Color" Type="color" Min="(0,0,0,1)" Max="(1,1,1,1)">(0,0,0,1)</Attribute>
        <Attribute Name="colorB" PrettyName="Color B" Group="Color" Type="color" Min="(0,0,0,1)" Max="(1,1,1,1)">(1,1,1,1)</Attribute>
        <!--===============================================================================================================-->
        <Attribute Name="frequency" PrettyName="Frequency" Group="Size" Type="float" Min="1" Max="10" >2</Attribute>
        <Attribute Name="Seed" PrettyName="Seed" Group="Size" Type="double" Min="1" Max="100000" Logarithmic="1">1</Attribute>
        <!--===============================================================================================================-->
        <Attribute Name="octaves" PrettyName="Octaves" Group="Modifiers" Type="int" Min="1" Max="10" Logarithmic="1">3</Attribute>
        <Attribute Name="lacunarity" PrettyName="Lacunarity" Group="Modifiers" Type="float" Min="0" Max="10" >1.5</Attribute>
        <Attribute Name="gain" PrettyName="Gain" Group="Modifiers" Type="float" Min="0" Max="1" >0.5</Attribute>
        <Attribute Name="threshold" PrettyName="Threshold" Group="Modifiers" Type="float" Min="0" Max="1" >0</Attribute>
        <Attribute Name="invert" PrettyName="Invert" Group="Modifiers" Type="bool" Min="false" Max="true">false</Attribute>
        <!--===============================================================================================================-->
        <Attribute Name="uv" PrettyName="UV Space" Group="Space" Type="bool" Min="false" Max="true" Description="Runs the noise 2d uv based, use offset/scale x/y and rotate z" >false</Attribute>
        <!--===============================================================================================================-->
        <Attribute Name="scaleX" PrettyName="Scale X" Group="Transform Scale" Type="float" Min="0" Max="100" Logarithmic="1">1</Attribute>
        <Attribute Name="scaleY" PrettyName="Scale Y" Group="Transform Scale" Type="float" Min="0" Max="100" Logarithmic="1">1</Attribute>
        <Attribute Name="scaleZ" PrettyName="Scale Z" Group="Transform Scale" Type="float" Min="0" Max="100" Logarithmic="1">1</Attribute>
        <!--===============================================================================================================-->
        <Attribute Name="rotateX" PrettyName="Rotate X" Group="Transform Rotate" Type="float" Min="0" Max="360">0</Attribute>
        <Attribute Name="rotateY" PrettyName="Rotate Y" Group="Transform Rotate" Type="float" Min="0" Max="360">0</Attribute>
        <Attribute Name="rotateZ" PrettyName="Rotate Z" Group="Transform Rotate" Type="float" Min="0" Max="360">0</Attribute>
        <!--===============================================================================================================-->
        <Attribute Name="transX" PrettyName="Translate X" Group="Transform Translate" Type="float" Min="0" Max="100" Logarithmic="1">0</Attribute>
        <Attribute Name="transY" PrettyName="Translate Y" Group="Transform Translate" Type="float" Min="0" Max="100" Logarithmic="1">0</Attribute>
        <Attribute Name="transZ" PrettyName="Translate Z" Group="Transform Translate" Type="float" Min="0" Max="100" Logarithmic="1">0</Attribute>
        <!--===============================================================================================================-->
    </Attributes>
    <Groups>
        <Group Name="Space" Expanded="false"></Group>
        <Group Name="Transform Scale" Expanded="false"></Group>
        <Group Name="Transform Rotate" Expanded="false"></Group>
        <Group Name="Transform Translate" Expanded="false"></Group>
    </Groups>
    <Contexts>
        <Context Type="GLSL">
            <Shader>
                <Inputs>
                    <Input Name="Input"><Default>vec4(1,1,1,1)</Default></Input>
                </Inputs>
                <Body><![CDATA[

                // compensate for scene size by applying eponential growth
                float freq_pow = (pow($frequency,$frequency)-1.0) + 0.01;

                // 3d space surface position
                // build the needed vector attributes for position transform, offset max growths exponentially
                vec3 trans = (vec3($transX,$transY,$transZ)*freq_pow) + vec3($Seed);
                vec3 rotate = vec3($rotateX,$rotateY,$rotateZ);
                vec3 scale = vec3($scaleX,$scaleY,$scaleZ);

                // transform the position to translate,rotate,scale the position
                vec3 P = positionTransform(State.Position,trans,rotate,scale) / freq_pow;

                // 2d uv space surface position
                // build the needed vector attributes for position transform, offset max growths exponentially
                vec2 UVOffset = vec2($transX,$transY) + vec2($Seed);
                vec2 UVScale = vec2($scaleX,$scaleY);

                // transform the position to translate,rotate,scale the position
                vec2 InputScaleUV = relUVTransform(State.UV,$rotateZ,UVOffset,UVScale,0.5,0.5) / (freq_pow);

                // blend between 2d and 3d space position
                P = mix(P,vec3(InputScaleUV,1.0),float($uv));

                // brownian fraction motion noise function
                Output = DT3D_fBmNoise(P,$colorA,$colorB,$frequency,$octaves,$lacunarity,1.0-$gain,$threshold,$invert);

                ]]></Body>
            </Shader>
        </Context>
    </Contexts>
</Node>
