<!--
================================================================================
== Mari Shader Library Registration Renamer
== Copyright (c) 2015 Mari Ideascale. All Rights Reserved.
================================================================================
== File: LibraryNamer.xml
== Description: Library renamer file so library output is named properly.
================================================================================
== Modified Date: December, 23 2014
================================================================================
== Redistribution and use in source and binary forms, with or without
== modification, are permitted provided that the following conditions are met:
==
== 1. Redistributions of source code must retain the above copyright
== notice, this list of conditions and the following disclaimer.
==
== 2. Redistributions in binary form must reproduce the above copyright
== notice, this list of conditions and the following disclaimer in the
== documentation and/or other materials provided with the distribution.
==
== 3. Neither the name of the copyright holder nor the names of its
== contributors may be used to endorse or promote products derived from
== this software without specific prior written permission.
==
== THIS SOFTWARE IS PROVIDED BY THE COPYRIGHT HOLDERS AND CONTRIBUTORS "AS
== IS" AND ANY EXPRESS OR IMPLIED WARRANTIES, INCLUDING, BUT NOT LIMITED TO,
== THE IMPLIED WARRANTIES OF MERCHANTABILITY AND FITNESS FOR A PARTICULAR
== PURPOSE ARE DISCLAIMED. IN NO EVENT SHALL THE COPYRIGHT HOLDER OR
== CONTRIBUTORS BE LIABLE FOR ANY DIRECT, INDIRECT, INCIDENTAL, SPECIAL,
== EXEMPLARY, OR CONSEQUENTIAL DAMAGES (INCLUDING, BUT NOT LIMITED TO,
== PROCUREMENT OF SUBSTITUTE GOODS OR SERVICES; LOSS OF USE, DATA, OR PROFITS;
== OR BUSINESS INTERRUPTION) HOWEVER CAUSED AND ON ANY THEORY OF LIABILITY,
== WHETHER IN CONTRACT, STRICT LIABILITY, OR TORT (INCLUDING NEGLIGENCE OR
== OTHERWISE) ARISING IN ANY WAY OUT OF THE USE OF THIS SOFTWARE, EVEN IF
== ADVISED OF HE POSSIBILITY OF SUCH DAMAGE.
================================================================================
-->

<!-- library renamer node system -->
<Node>
	<!-- library version number -->
    <LibraryVersion>1.11</LibraryVersion>
    <AL_GaborNoiseLib>Gabor Lib (Anders Langlands) </AL_GaborNoiseLib>
    <BS_GpuNoiseLib>GPU Noise Lib (Brian Sharpe)</BS_GpuNoiseLib>
    <DT3D_CellularNoiseLib>Cellular Lib (Miguel Santiago)</DT3D_CellularNoiseLib>
    <DT3D_ProceduralLib>Procedural Lib (Miguel Santiago)</DT3D_ProceduralLib>
    <!-- jens kafitz procedural shader library -->
    <ID_ProceduralLib>Procedural Lib (Jens Kafitz)</ID_ProceduralLib>
    <JK_ColorRangeToMask>Color Range To Mask (Jens Kafitz)</JK_ColorRangeToMask>
    <JK_TexScatterUV>Texture Scatter UV (Jens Kafitz)</JK_TexScatterUV>
    <JK_VoronoiSuite>Voronoi Suite (Jens Kafitz)</JK_VoronoiSuite>
    <!-- nicholas breslow procedural shader library -->
    <NB_ProceduralLib>Procedural Lib (Nicholas Breslow)</NB_ProceduralLib>
    <NB_BrdfLib>BRDF Shader Lib (Nicholas Breslow)</NB_BrdfLib>
</Node>