<!--
================================================================================
== Mari Ideascale Procedural Library
== Copyright (c) 2013 Jens Kafitz. All Rights Reserved.
================================================================================
== File: JK_BackfaceMask.xml
== Description: Isolate Geometry Backfaces
================================================================================
== Author: Jens Kafitz | Mari Ideascale
== Web: www.campi3d.com
== Web: www.mari.ideascale.com
== Email: MariIdeas@campi3d.com
================================================================================
== Modified Date: November, 16 2014
================================================================================
== Redistribution and use in source and binary forms, with or without
== modification, are permitted provided that the following conditions are met:
==
== 1. Redistributions of source code must retain the above copyright
== notice, this list of conditions and the following disclaimer.
==
== 2. Redistributions in binary form must reproduce the above copyright
== notice, this list of conditions and the following disclaimer in the
== documentation and/or other materials provided with the distribution.
==
== 3. Neither the name of the copyright holder nor the names of its
== contributors may be used to endorse or promote products derived from
== this software without specific prior written permission.
==
== THIS SOFTWARE IS PROVIDED BY THE COPYRIGHT HOLDERS AND CONTRIBUTORS "AS
== IS" AND ANY EXPRESS OR IMPLIED WARRANTIES, INCLUDING, BUT NOT LIMITED TO,
== THE IMPLIED WARRANTIES OF MERCHANTABILITY AND FITNESS FOR A PARTICULAR
== PURPOSE ARE DISCLAIMED. IN NO EVENT SHALL THE COPYRIGHT HOLDER OR
== CONTRIBUTORS BE LIABLE FOR ANY DIRECT, INDIRECT, INCIDENTAL, SPECIAL,
== EXEMPLARY, OR CONSEQUENTIAL DAMAGES (INCLUDING, BUT NOT LIMITED TO,
== PROCUREMENT OF SUBSTITUTE GOODS OR SERVICES; LOSS OF USE, DATA, OR PROFITS;
== OR BUSINESS INTERRUPTION) HOWEVER CAUSED AND ON ANY THEORY OF LIABILITY,
== WHETHER IN CONTRACT, STRICT LIABILITY, OR TORT (INCLUDING NEGLIGENCE OR
== OTHERWISE) ARISING IN ANY WAY OUT OF THE USE OF THIS SOFTWARE, EVEN IF
== ADVISED OF HE POSSIBILITY OF SUCH DAMAGE.
================================================================================
-->
<Node>
    <ID>Backface Mask</ID>
    <DefaultName>Backface Mask</DefaultName>
    <Category>Geometry/Custom/</Category>
  <Cost>0.2</Cost>
  <CostDescription>Some calculations and some texture lookup</CostDescription>
  <Inputs>
      <Input Name="Mask"></Input>
      <Input Name="Position"></Input>
      <Input Name="Normal"></Input>
  </Inputs>
  <Attributes>
      <Attribute Name="CullBackfaces" PrettyName="Cull Backfaces"  Group="Backfaces" Type="bool" >true</Attribute>
      <Attribute Name="BackfaceThreshold" Group="Backfaces" PrettyName="Backface Threshold" Type="float" Min="-1" Max="1" Logarithmic="0">0</Attribute>    
      <Attribute Name="CullBackfaceInv" PrettyName="Invert Faces"  Group="Backfaces" Type="bool" >true</Attribute> 
      <!--===============================================================================================================-->
    
  </Attributes>
  <Contexts>
      <Context Type="NodeGraphView">
          <Inputs>
              <Input Name="Mask"><Pos>100,0</Pos></Input>
              <Input Name="Position"><Pos>100,-20</Pos></Input>
              <Input Name="Normal"><Pos>100,-40</Pos></Input>
          </Inputs>
      </Context>
      <Context Type="GLSL">
          <Shader ShaderType='Fragment'>
              <Inputs>
                  <Input Name="Position"><Default>(State.Position - u_MriObjectCenter)</Default></Input>
                  <Input Name="Normal"><Default>State.Normal</Default></Input>
              </Inputs>
          </Shader>

          <Shader ShaderType='TessEvaluation'>
              <Inputs>
                  <Input Name="Position"><Default>State.Position</Default></Input>
                  <Input Name="Normal"><Default>State.Normal</Default></Input>
              </Inputs>
          </Shader>

          <Shader>
              <Inputs>
                  <Input Name="Mask"><Default>vec4(1,1,1,1)</Default></Input>
              </Inputs>
              <Body>
    <![CDATA[


    // build modified state.normal via mari function library call
    vec3 Normal = State.Normal;
    vec3 Pos = State.Position;

    
    vec3 Ray = normalize( Pos );
    float NDotV = dot( Ray,Normal );
    float result = ($CullBackfaces && $BackfaceThreshold > NDotV) ? 0.0 : 1.0;
    result = clamp(result,0.0,1.0);
    result = mix(result,1.0-result,float($CullBackfaceInv));
    Output = vec4(result);
    Output.a = 1.0;

    ]]>
              </Body>
          </Shader>
      </Context>
  </Contexts>
</Node>

    
