<!--
================================================================================
== Mari Ideascale Procedural Library
== Copyright (c) 2013 Jens Kafitz. All Rights Reserved.
================================================================================
== File: JK_PolySurfaceCurvature.xml
== Description: Polygon Surface curvature detection node.
================================================================================
== Author: Jens Kafitz | Mari Ideascale
== Web: www.campi3d.com
== Web: www.mari.ideascale.com
== Email: MariIdeas@campi3d.com
================================================================================
== Modified Date: June, 16 2014
================================================================================
== Redistribution and use in source and binary forms, with or without
== modification, are permitted provided that the following conditions are met:
==
== 1. Redistributions of source code must retain the above copyright
== notice, this list of conditions and the following disclaimer.
==
== 2. Redistributions in binary form must reproduce the above copyright
== notice, this list of conditions and the following disclaimer in the
== documentation and/or other materials provided with the distribution.
==
== 3. Neither the name of the copyright holder nor the names of its
== contributors may be used to endorse or promote products derived from
== this software without specific prior written permission.
==
== THIS SOFTWARE IS PROVIDED BY THE COPYRIGHT HOLDERS AND CONTRIBUTORS "AS
== IS" AND ANY EXPRESS OR IMPLIED WARRANTIES, INCLUDING, BUT NOT LIMITED TO,
== THE IMPLIED WARRANTIES OF MERCHANTABILITY AND FITNESS FOR A PARTICULAR
== PURPOSE ARE DISCLAIMED. IN NO EVENT SHALL THE COPYRIGHT HOLDER OR
== CONTRIBUTORS BE LIABLE FOR ANY DIRECT, INDIRECT, INCIDENTAL, SPECIAL,
== EXEMPLARY, OR CONSEQUENTIAL DAMAGES (INCLUDING, BUT NOT LIMITED TO,
== PROCUREMENT OF SUBSTITUTE GOODS OR SERVICES; LOSS OF USE, DATA, OR PROFITS;
== OR BUSINESS INTERRUPTION) HOWEVER CAUSED AND ON ANY THEORY OF LIABILITY,
== WHETHER IN CONTRACT, STRICT LIABILITY, OR TORT (INCLUDING NEGLIGENCE OR
== OTHERWISE) ARISING IN ANY WAY OUT OF THE USE OF THIS SOFTWARE, EVEN IF
== ADVISED OF HE POSSIBILITY OF SUCH DAMAGE.
================================================================================
-->

<Node>
    <ID>PolySurface Curvature</ID>
    <DefaultName>PolySurface Curvature</DefaultName>
    <Category>Geometry/Custom/</Category>
    <Inputs>
        <Input Name="Position"></Input>
        <Input Name="Normal"></Input>
    </Inputs>
    <Attributes>
        <!--===============================================================================================================-->
        <Attribute Name="Adjust" PrettyName="Adjust Curvature" Group="" Type="double" Logarithmic="1" Min="0" Max="1">0.1</Attribute>
        <Attribute Name="Size" PrettyName="Adjust Scene Size" Group="" Type="double" Logarithmic="1" Min="0" Max="1">0.1</Attribute>
        <Attribute Name="Invert" PrettyName="Invert" Group="" Type="bool" Min="false" Max="true">false</Attribute>
        <Attribute Name="absolute" PrettyName="Hard Edged" Group="Extra Attributes" Type="bool" Min="false" Max="true">false</Attribute>
        <Attribute Name="AO" PrettyName="Attenuate with AmbientOcclusion" Group="Extra Attributes" Type="bool" Min="false" Max="true">false</Attribute>
     
        <!--===============================================================================================================-->

    </Attributes>
    <Contexts>
        <Context Type="NodeGraphView">
            <Inputs>
                <Input Name="Position"><Pos>100,-20</Pos></Input>
                <Input Name="Normal"><Pos>100,+20</Pos></Input>
            </Inputs>
        </Context>
        <Context Type="GLSL">
            <Shader ShaderType='Fragment'>
                <Inputs>
                    <Input Name="Position"><Default>State.Position</Default></Input>
                    <Input Name="Normal"><Default>State.Normal</Default></Input>
                </Inputs>
            </Shader>
            <Shader ShaderType='TessEvaluation'>
                <Inputs>
                    <Input Name="Position"><Default>State.Position</Default></Input>
                    <Input Name="Normal"><Default>State.Normal</Default></Input>
                </Inputs>
            </Shader>
            <Shader>
                <Body><![CDATA[


                #if defined MRI_SHADER_FRAGMENT || defined MRI_SHADER_TESS_EVALUATION

                vec3 N = #Normal;
                vec3 P = #Position;
                float AO = mix(1.0,State.AmbientOcclusion,float($AO));


                float hardEdge = float($absolute);


                float Size = AO*$Size;
                float Adjust = AO*$Adjust;


                float size_pow = (pow(10000.0,Size*Size)-1.0) + 0.0001;


                float curvN = 0.0;
                float curvP = 0.0;

           
                float tuneCurvature = (Adjust*size_pow);
                curvN = length(fwidth(N)) ;
                curvP = length(fwidth(P)) ;

                
                float mixer = clamp(curvN,0,1) / curvP;

                float curvature = clamp((mixer*tuneCurvature),0.0,1.0);
                curvature = mix(curvature,(softThreshold(0.5,0.0,curvature)),hardEdge);
                float inv_curv = 1.0 - curvature;


                float result = mix(curvature,inv_curv,float($Invert));

                
                Output = vec4(result,result,result,1.0);

                #endif


                ]]></Body>
            </Shader>
        </Context>
    </Contexts>
</Node>
