<!--
================================================================================
== Nicholas Breslow Mari Procedural Shader Library
== Copyright (c) 2015 Nicholas Breslow. All Rights Reserved.
================================================================================
== File: NB_Weave.xml
== Description: 2D Weave procedural pattern node.
================================================================================
== Author: Nicholas Breslow
== Web: www.nbreslow.com
== Email: nick@nbreslow.com
================================================================================
== Modified Date: June, 15 2014
================================================================================
== Redistribution and use in source and binary forms, with or without
== modification, are permitted provided that the following conditions are met:
==
== 1. Redistributions of source code must retain the above copyright
== notice, this list of conditions and the following disclaimer.
==
== 2. Redistributions in binary form must reproduce the above copyright
== notice, this list of conditions and the following disclaimer in the
== documentation and/or other materials provided with the distribution.
==
== 3. Neither the name of the copyright holder nor the names of its
== contributors may be used to endorse or promote products derived from
== this software without specific prior written permission.
==
== THIS SOFTWARE IS PROVIDED BY THE COPYRIGHT HOLDERS AND CONTRIBUTORS "AS
== IS" AND ANY EXPRESS OR IMPLIED WARRANTIES, INCLUDING, BUT NOT LIMITED TO,
== THE IMPLIED WARRANTIES OF MERCHANTABILITY AND FITNESS FOR A PARTICULAR
== PURPOSE ARE DISCLAIMED. IN NO EVENT SHALL THE COPYRIGHT HOLDER OR
== CONTRIBUTORS BE LIABLE FOR ANY DIRECT, INDIRECT, INCIDENTAL, SPECIAL,
== EXEMPLARY, OR CONSEQUENTIAL DAMAGES (INCLUDING, BUT NOT LIMITED TO,
== PROCUREMENT OF SUBSTITUTE GOODS OR SERVICES; LOSS OF USE, DATA, OR PROFITS;
== OR BUSINESS INTERRUPTION) HOWEVER CAUSED AND ON ANY THEORY OF LIABILITY,
== WHETHER IN CONTRACT, STRICT LIABILITY, OR TORT (INCLUDING NEGLIGENCE OR
== OTHERWISE) ARISING IN ANY WAY OUT OF THE USE OF THIS SOFTWARE, EVEN IF
== ADVISED OF HE POSSIBILITY OF SUCH DAMAGE.
================================================================================
-->

<Node>
    <ID>Weave 2D</ID>
    <DefaultName>Weave 2D</DefaultName>
    <Category>Procedural/Custom/Pattern/</Category>
    <Attributes>
        <!--===============================================================================================================-->
        <Attribute Name="Repeat" PrettyName="Repeat" Group="" Type="double" Min="0.0" Max="200.0">40.0</Attribute>
        <Attribute Name="Width" PrettyName="Width" Group="" Type="double" Min="0.0" Max="100.0">80.0</Attribute>
        <!--===============================================================================================================-->
        <Attribute Name="Rotation" PrettyName="UV Rotation" Group="Position" Type="float" Min="0.0" Max="360.0">0.0</Attribute>
        <Attribute Name="UOffset" PrettyName="U Offset" Group="Position" Type="float" Min="0" Max="1">0</Attribute>
        <Attribute Name="VOffset" PrettyName="V Offset" Group="Position" Type="float" Min="0" Max="1">0</Attribute>
        <Attribute Name="URepeat" PrettyName="U Repeat" Group="Position" Type="float" Min="0" Max="50" Logarithmic="1">1</Attribute>
        <Attribute Name="VRepeat" PrettyName="V Repeat" Group="Position" Type="float" Min="0" Max="50" Logarithmic="1">1</Attribute>
        <!--===============================================================================================================-->
        <Attribute Name="colorA" PrettyName="Color A" Group="Color" Type="color" Min="(0,0,0,1)" Max="(1,1,1,1)">(1,1,1,1)</Attribute>
        <Attribute Name="colorB" PrettyName="Color B" Group="Color" Type="color" Min="(0,0,0,1)" Max="(1,1,1,1)">(0,0,0,1)</Attribute>
        <!--===============================================================================================================-->
        <Attribute Name="Contrast" PrettyName="Contrast" Group="Gradient" Type="double" Min="0.0" Max="100.0">50.0</Attribute>
        <Attribute Name="Start" PrettyName="Start" Group="Gradient" Type="float" Min="0.0" Max="1.0">0.0</Attribute>
        <Attribute Name="End" PrettyName="End" Group="Gradient" Type="float" Min="0.0" Max="1.0">1.0</Attribute>
        <Attribute Name="Falloff" PrettyName="Falloff" Group="Gradient" Type="curve"> </Attribute>
        <!--===============================================================================================================-->
    </Attributes>
    <Contexts>
        <Context Type="GLSL">
            <Shader>
            <Inputs>
                <Input Name="Input"><Default>vec4(1.0,1.0,1.0,1.0)</Default></Input>
            </Inputs>
                <Body><![CDATA[

                // Separate each UV tile into it's own square
                vec2 uv = fract(State.UV);

                // UV Rotation
                mat2 rotationMatrix = nb_uvRotation($Rotation);
                vec2 offsetToCenter = vec2(0.5, 0.5);
                uv -= offsetToCenter;
                uv = rotationMatrix * uv;
                uv += offsetToCenter;

                // UV Repeat
                uv = nb_uvMod(uv,$Repeat,vec2($URepeat,$VRepeat),vec2($UOffset, $VOffset));

                // Weave Pattern
                float d0,d1,f0,f1;
                nb_superWeave2D(uv,$Contrast,d0,d1,f0,f1);

                float Width = $Width*.005;
                float Result = (f0 < Width) ? d1 : ((f1 < Width) ? d0 : 0);
                Result = (Result-$Start)/($End-$Start);

                // Color
                float shape_mix = mriCurveLookup($Falloff,Result);
                Output.rgb = vec3(mix($colorB,$colorA,shape_mix));
                Output.a = mix($colorB.a,$colorA.a,shape_mix);

                ]]></Body>
            </Shader>
        </Context>
    </Contexts>
</Node>