<!--
================================================================================
== Illegal Value Warning
== Copyright (c) 2015 Jens Kafitz & TheFoundry. All Rights Reserved.
================================================================================
== File: JK_AlbedoWarning.xml
== Description: A visual warning for illegal BPR Values
================================================================================
== Based on original code samples from theFoundry located in
== \Mari2.6v1\Bundle\Media\Examples\Nodes\
================================================================================
== Author: Jens Kafitz | Mari Ideascale
== Web: www.campi3d.com
== Web: www.mari.ideascale.com
== Email: MariIdeas@campi3d.com
================================================================================
== Modified Date: August, 15 2014
================================================================================
== Redistribution and use in source and binary forms, with or without
== modification, are permitted provided that the following conditions are met:
==
== 1. Redistributions of source code must retain the above copyright
== notice, this list of conditions and the following disclaimer.
==
== 2. Redistributions in binary form must reproduce the above copyright
== notice, this list of conditions and the following disclaimer in the
== documentation and/or other materials provided with the distribution.
==
== 3. Neither the name of the copyright holder nor the names of its
== contributors may be used to endorse or promote products derived from
== this software without specific prior written permission.
==
== THIS SOFTWARE IS PROVIDED BY THE COPYRIGHT HOLDERS AND CONTRIBUTORS "AS
== IS" AND ANY EXPRESS OR IMPLIED WARRANTIES, INCLUDING, BUT NOT LIMITED TO,
== THE IMPLIED WARRANTIES OF MERCHANTABILITY AND FITNESS FOR A PARTICULAR
== PURPOSE ARE DISCLAIMED. IN NO EVENT SHALL THE COPYRIGHT HOLDER OR
== CONTRIBUTORS BE LIABLE FOR ANY DIRECT, INDIRECT, INCIDENTAL, SPECIAL,
== EXEMPLARY, OR CONSEQUENTIAL DAMAGES (INCLUDING, BUT NOT LIMITED TO,
== PROCUREMENT OF SUBSTITUTE GOODS OR SERVICES; LOSS OF USE, DATA, OR PROFITS;
== OR BUSINESS INTERRUPTION) HOWEVER CAUSED AND ON ANY THEORY OF LIABILITY,
== WHETHER IN CONTRACT, STRICT LIABILITY, OR TORT (INCLUDING NEGLIGENCE OR
== OTHERWISE) ARISING IN ANY WAY OUT OF THE USE OF THIS SOFTWARE, EVEN IF
== ADVISED OF HE POSSIBILITY OF SUCH DAMAGE.
================================================================================
-->

<Node>
  <ID>IllegalColorWarning</ID>
      <DefaultName>Illegal Value Warning</DefaultName>
    <Category>/Custom/</Category>
  <Inputs>
    <Input Name="Albedo"></Input>
  </Inputs>
  <Tags>
    <Tag>_adjustment</Tag>
  </Tags>
  <Attributes>
    <Attribute Name="color" PrettyName="Warning Color" Group="Color" Type="color" Min="(0,0,0,1)" Max="(1,1,1,1)" Description="Color A">(0,1,0.78,1)</Attribute>
    <Attribute Name="Upperbound" Group="Upper/Lower Bound" Description="Upperbound of the albedo color.\nValues above this upperbound will be warned." Type="double" Min="0.0" Max="1.0">0.97</Attribute>
    <Attribute Name="Lowerbound" Group="Upper/Lower Bound" Description="Lowerbound of the albedo color.\nValues above this lowerbound will be warned." Type="double" Min="0.0" Max="1.0">0.03</Attribute>
    <Attribute Name="blink" Group="Blink Settings" PrettyName="Blink Interval (sec)" Description="Blink interval in seconds" Type="int" Min="0" Max="200">5</Attribute>
    <Attribute Name="blinkFade" Group="Blink Settings" PrettyName="Blink Fadeout (msec)" Description="Blink fadeout in msec" Type="int" Min="0" Max="200">20</Attribute>



  </Attributes>
      <Tags>
        <Tag>_notcacheable</Tag>
        <Tag>_notbakeable</Tag>
    </Tags>
  <Contexts>
        <Context Type="GLSL">
            <Shader>
                <Inputs>
                </Inputs>
                <Body><![CDATA[

                int blink = $blink * 1000;
                int msec = $blinkFade * 10;
                int SystemTimeRemainder = u_MriSystemTime % 110;
                float Alpha = 1.0 - float(u_MriSystemTime % blink) / float(msec);

                vec3 WarningColor = vec3($color.rgb);

                float Warn = float(
                           #Albedo.r>$Upperbound || #Albedo.r<$Lowerbound
                        || #Albedo.g>$Upperbound || #Albedo.g<$Lowerbound
                        || #Albedo.b>$Upperbound || #Albedo.b<$Lowerbound
                        ); 

                Output = mix(#Albedo, vec4(WarningColor,Warn), clamp(Warn*Alpha,0.0,1.0));


                ]]></Body>
            </Shader>
        </Context>
  </Contexts>
</Node>

