<!--
================================================================================
== Orlando Esponda Mari Procedural Library
== Copyright (c) 2013 Orlando Esponda. All Rights Reserved.
================================================================================
== File: OE_NormalMapIntensity.xml
== Description: Simple adjustment layer to increase or decrease a normal map.
================================================================================
== Author: Orlando Esponda
================================================================================
== Modified Date: June, 16 2014
================================================================================
== Redistribution and use in source and binary forms, with or without
== modification, are permitted provided that the following conditions are met:
==
== 1. Redistributions of source code must retain the above copyright
== notice, this list of conditions and the following disclaimer.
==
== 2. Redistributions in binary form must reproduce the above copyright
== notice, this list of conditions and the following disclaimer in the
== documentation and/or other materials provided with the distribution.
==
== 3. Neither the name of the copyright holder nor the names of its
== contributors may be used to endorse or promote products derived from
== this software without specific prior written permission.
==
== THIS SOFTWARE IS PROVIDED BY THE COPYRIGHT HOLDERS AND CONTRIBUTORS "AS
== IS" AND ANY EXPRESS OR IMPLIED WARRANTIES, INCLUDING, BUT NOT LIMITED TO,
== THE IMPLIED WARRANTIES OF MERCHANTABILITY AND FITNESS FOR A PARTICULAR
== PURPOSE ARE DISCLAIMED. IN NO EVENT SHALL THE COPYRIGHT HOLDER OR
== CONTRIBUTORS BE LIABLE FOR ANY DIRECT, INDIRECT, INCIDENTAL, SPECIAL,
== EXEMPLARY, OR CONSEQUENTIAL DAMAGES (INCLUDING, BUT NOT LIMITED TO,
== PROCUREMENT OF SUBSTITUTE GOODS OR SERVICES; LOSS OF USE, DATA, OR PROFITS;
== OR BUSINESS INTERRUPTION) HOWEVER CAUSED AND ON ANY THEORY OF LIABILITY,
== WHETHER IN CONTRACT, STRICT LIABILITY, OR TORT (INCLUDING NEGLIGENCE OR
== OTHERWISE) ARISING IN ANY WAY OUT OF THE USE OF THIS SOFTWARE, EVEN IF
== ADVISED OF HE POSSIBILITY OF SUCH DAMAGE.
================================================================================
-->

<Node>
    <ID>Normal Map Intensity</ID>
    <DefaultName>Normal Map Intensity</DefaultName>
    <Category>/Custom/</Category>
    <Tags>
        <Tag>_adjustment</Tag>
    </Tags>
    <Inputs>
        <Input Name="Input"></Input>
    </Inputs>
    <Attributes>
        <!--===============================================================================================================-->
        <Attribute Name="intensity" PrettyName="NormalMap Intensity" Group="" Type="double" Min="0.0" Max="2.0">1.0</Attribute>
        <!--===============================================================================================================-->
    </Attributes>
    <Contexts>
        <Context Type="NodeGraphView">
            <Inputs>
                <Input Name="Input"><Pos>0,-50</Pos></Input>
            </Inputs>
        </Context>
            <Context Type="GLSL">
                <Shader>
                    <Inputs>
                        <Input Name="Input"><Default>vec4(1,1,1,1)</Default></Input>
                    </Inputs>
                <Body><![CDATA[

                for (int i = 0; i != 2; ++i)
                {
                    Output[i] = ((#Input[i] - 0.5) * $intensity) + 0.5;
                }

                if ($intensity < 1.0)
                {
                    float invIntensity = ($intensity - 1.0) * (-1.0);
                    Output.b = (#Input.b - 0.0) * (1.0 - invIntensity) / (1.0 - 0.0) + invIntensity;
                }
                else
                {
                    Output.b = #Input.b;
                }

                Output.a = #Input.a;

                ]]></Body>
            </Shader>
        </Context>
    </Contexts>
</Node>

