<!--
================================================================================
== Nicholas Breslow Mari Brdf Shader Library
== Copyright (c) 2015 Nicholas Breslow. All Rights Reserved.
================================================================================
== File: NB_Diffuse_OrenNayar.xml
== Description: Oren nayar diffuse roughness shading model node.
================================================================================
== Author: Nicholas Breslow
== Web: www.nbreslow.com
== Email: nick@nbreslow.com
================================================================================
== Modified Date: June, 15 2014
================================================================================
== Redistribution and use in source and binary forms, with or without
== modification, are permitted provided that the following conditions are met:
==
== 1. Redistributions of source code must retain the above copyright
== notice, this list of conditions and the following disclaimer.
==
== 2. Redistributions in binary form must reproduce the above copyright
== notice, this list of conditions and the following disclaimer in the
== documentation and/or other materials provided with the distribution.
==
== 3. Neither the name of the copyright holder nor the names of its
== contributors may be used to endorse or promote products derived from
== this software without specific prior written permission.
==
== THIS SOFTWARE IS PROVIDED BY THE COPYRIGHT HOLDERS AND CONTRIBUTORS "AS
== IS" AND ANY EXPRESS OR IMPLIED WARRANTIES, INCLUDING, BUT NOT LIMITED TO,
== THE IMPLIED WARRANTIES OF MERCHANTABILITY AND FITNESS FOR A PARTICULAR
== PURPOSE ARE DISCLAIMED. IN NO EVENT SHALL THE COPYRIGHT HOLDER OR
== CONTRIBUTORS BE LIABLE FOR ANY DIRECT, INDIRECT, INCIDENTAL, SPECIAL,
== EXEMPLARY, OR CONSEQUENTIAL DAMAGES (INCLUDING, BUT NOT LIMITED TO,
== PROCUREMENT OF SUBSTITUTE GOODS OR SERVICES; LOSS OF USE, DATA, OR PROFITS;
== OR BUSINESS INTERRUPTION) HOWEVER CAUSED AND ON ANY THEORY OF LIABILITY,
== WHETHER IN CONTRACT, STRICT LIABILITY, OR TORT (INCLUDING NEGLIGENCE OR
== OTHERWISE) ARISING IN ANY WAY OUT OF THE USE OF THIS SOFTWARE, EVEN IF
== ADVISED OF HE POSSIBILITY OF SUCH DAMAGE.
================================================================================
-->

<Node>
    <ID>Oren Nayar</ID>
    <DefaultName>Oren Nayar</DefaultName>
    <Inputs>
        <Input Name="DiffuseColor" PrettyName="Diffuse Color" PreferredInput='1'></Input>
        <Input Name="DiffuseRoughness" PrettyName="Diffuse Roughness"></Input>
        <Input Name="Normal"></Input>
    </Inputs>
    <Attributes>
        <Attribute Name="DiffuseRoughness" Type="double" Min="0.0" Max="1.0">0.0</Attribute>
    </Attributes>
    <Tags>
        <Tag>_notcacheable</Tag>
        <Tag>_diffuse</Tag>
    </Tags>
    <Contexts>
        <Context Type="GLSL">
            <Shader ShaderType='Fragment'>
                <Inputs>
                    <Input Name="DiffuseColor"><Default>vec4(0,0,0,0)</Default></Input>
                    <Input Name="DiffuseRoughness"><Default>vec4(1,1,1,1)</Default></Input>
                    <Input Name="Normal"><Default>vec4(0,0,1,1)</Default></Input>
                </Inputs>
                <Body><![CDATA[

                vec3 V = normalize(-State.ViewVectorInEyeSpaceFromViewCamera);
                vec3 N = #Normal.xyz;

                vec3 Diffuse = vec3(0.0);
                float DiffuseRoughness = clamp($DiffuseRoughness*#DiffuseRoughness.r, 0.001,0.999);

                for(int i=0;i<4;i++)
                {
                    // Light Direction
                    vec3 L = normalize(u_MriLightSources[i].Position.xyz - State.FragmentPositionInEyeSpaceFromViewCamera);

                    // Light Visibility
                    float lightVisibility = mriLightVisibility( i, State.Position);

                    // Oren Nayar Diffuse
                    float orenNayar = nb_orenNayar(V,N,L,DiffuseRoughness);

                    Diffuse += (orenNayar) * u_MriLightSources[i].DiffuseColor.rgb * lightVisibility;
                }

                Output.rgb = Diffuse * #DiffuseColor.rgb;
                Output.a = #DiffuseColor.a;

                ]]></Body>
            </Shader>
        </Context>
    </Contexts>
</Node>