<!--
================================================================================
== Simple Constant Grey
== Copyright (c) 2015 Jens Kafitz & TheFoundry. All Rights Reserved.
================================================================================
== File: Black.xml
== Description: A simple Grey (0.498) Constant for convenience
================================================================================
== Based on original code from theFoundry located in
== \Mari2.6v1\Bundle\Media\Nodes\Simple\Basic\
================================================================================
== Modification by: Jens Kafitz | Mari Ideascale
================================================================================
== Modified Date: Spetember, 27 2014
================================================================================
== Redistribution and use in source and binary forms, with or without
== modification, are permitted provided that the following conditions are met:
==
== 1. Redistributions of source code must retain the above copyright
== notice, this list of conditions and the following disclaimer.
==
== 2. Redistributions in binary form must reproduce the above copyright
== notice, this list of conditions and the following disclaimer in the
== documentation and/or other materials provided with the distribution.
==
== 3. Neither the name of the copyright holder nor the names of its
== contributors may be used to endorse or promote products derived from
== this software without specific prior written permission.
==
== THIS SOFTWARE IS PROVIDED BY THE COPYRIGHT HOLDERS AND CONTRIBUTORS "AS
== IS" AND ANY EXPRESS OR IMPLIED WARRANTIES, INCLUDING, BUT NOT LIMITED TO,
== THE IMPLIED WARRANTIES OF MERCHANTABILITY AND FITNESS FOR A PARTICULAR
== PURPOSE ARE DISCLAIMED. IN NO EVENT SHALL THE COPYRIGHT HOLDER OR
== CONTRIBUTORS BE LIABLE FOR ANY DIRECT, INDIRECT, INCIDENTAL, SPECIAL,
== EXEMPLARY, OR CONSEQUENTIAL DAMAGES (INCLUDING, BUT NOT LIMITED TO,
== PROCUREMENT OF SUBSTITUTE GOODS OR SERVICES; LOSS OF USE, DATA, OR PROFITS;
== OR BUSINESS INTERRUPTION) HOWEVER CAUSED AND ON ANY THEORY OF LIABILITY,
== WHETHER IN CONTRACT, STRICT LIABILITY, OR TORT (INCLUDING NEGLIGENCE OR
== OTHERWISE) ARISING IN ANY WAY OUT OF THE USE OF THIS SOFTWARE, EVEN IF
== ADVISED OF HE POSSIBILITY OF SUCH DAMAGE.
================================================================================
-->
<Node>
  <ID>constant_grey</ID>
  <DefaultName>Grey Constant</DefaultName>
  <Category>Basic/</Category>
  <Cost>0.001</Cost>
  <CostDescription>Trivial operation</CostDescription>
  <Attributes>
  </Attributes>
  <Contexts>
      <Context Type="GLSL">
        <Shader>
           <Body><![CDATA[
                Output = vec4(0.498,0.498,0.498,1.0);
           ]]>
           </Body>
        </Shader>
      </Context>
  </Contexts>
</Node>

    
