<!--
================================================================================
== Mari Ideascale Procedural Library
== Copyright (c) 2013 Jens Kafitz. All Rights Reserved.
================================================================================
== File: JK_Spotify.xml
== Description: Super multi fractal procedural noise node.
================================================================================
== Author: Jens Kafitz | Mari Ideascale
== Web: www.campi3d.com
== Web: www.mari.ideascale.com
== Email: MariIdeas@campi3d.com
================================================================================
== Modified Date: June, 15 2014
================================================================================
== Redistribution and use in source and binary forms, with or without
== modification, are permitted provided that the following conditions are met:
==
== 1. Redistributions of source code must retain the above copyright
== notice, this list of conditions and the following disclaimer.
==
== 2. Redistributions in binary form must reproduce the above copyright
== notice, this list of conditions and the following disclaimer in the
== documentation and/or other materials provided with the distribution.
==
== 3. Neither the name of the copyright holder nor the names of its
== contributors may be used to endorse or promote products derived from
== this software without specific prior written permission.
==
== THIS SOFTWARE IS PROVIDED BY THE COPYRIGHT HOLDERS AND CONTRIBUTORS "AS
== IS" AND ANY EXPRESS OR IMPLIED WARRANTIES, INCLUDING, BUT NOT LIMITED TO,
== THE IMPLIED WARRANTIES OF MERCHANTABILITY AND FITNESS FOR A PARTICULAR
== PURPOSE ARE DISCLAIMED. IN NO EVENT SHALL THE COPYRIGHT HOLDER OR
== CONTRIBUTORS BE LIABLE FOR ANY DIRECT, INDIRECT, INCIDENTAL, SPECIAL,
== EXEMPLARY, OR CONSEQUENTIAL DAMAGES (INCLUDING, BUT NOT LIMITED TO,
== PROCUREMENT OF SUBSTITUTE GOODS OR SERVICES; LOSS OF USE, DATA, OR PROFITS;
== OR BUSINESS INTERRUPTION) HOWEVER CAUSED AND ON ANY THEORY OF LIABILITY,
== WHETHER IN CONTRACT, STRICT LIABILITY, OR TORT (INCLUDING NEGLIGENCE OR
== OTHERWISE) ARISING IN ANY WAY OUT OF THE USE OF THIS SOFTWARE, EVEN IF
== ADVISED OF HE POSSIBILITY OF SUCH DAMAGE.
================================================================================
-->

<Node>
    <ID>Spotify</ID>
    <DefaultName>Spotify</DefaultName>
    <Category>Procedural/Custom/MultiFractal/</Category>
    <Inputs>
        <Input Name="Input"/>
    </Inputs>
    <Attributes>
        <!--===============================================================================================================-->
        <Attribute Name="colorA" PrettyName="Color A" Group="Color" Type="color" Min="(0,0,0,1)" Max="(1,1,1,1)">(0,0,0,1)</Attribute>
        <Attribute Name="colorB" PrettyName="Color B" Group="Color" Type="color" Min="(0,0,0,1)" Max="(1,1,1,1)">(1,1,1,1)</Attribute>
        <!--===============================================================================================================-->
        <Attribute Name="DimA" PrettyName="DimensionA" Group="Size" Type="double" Min="0.01" Max="100">50</Attribute>
        <Attribute Name="DimB" PrettyName="DimensionB" Group="Size" Type="double" Min="0.01" Max="10">5</Attribute>
        <Attribute Name="ABOffset" PrettyName="Lacunarity" Group="Size" Type="double" Min="0.001" Max="2">1.0</Attribute>
        <Attribute Name="Seed" PrettyName="Seed" Group="Size" Type="double" Min="1" Max="100000" Logarithmic="1">1</Attribute>
        <!--===============================================================================================================-->
        <Attribute Name="FillSpots" PrettyName="Fill Spots" Group="Modifiers" Type="double" Min="0.001" Max="1">0.5</Attribute>
        <Attribute Name="Gain" Group="Modifiers" Type="double" Min="0" Max="10">10</Attribute>
        <Attribute Name="Organic" PrettyName="Organicness" Group="Modifiers" Type="double" Min="0" Max="1">0.5</Attribute>
        <!--===============================================================================================================-->
        <Attribute Name="threshold" PrettyName="Threshold" Group="Threshold" Type="float" Min="0" Max="1">0.5</Attribute>
        <Attribute Name="thresholdBound" PrettyName="Soft Clip" Group="Threshold" Type="float" Min="0" Max="1">0.5</Attribute>
        <!--===============================================================================================================-->
        <Attribute Name="gSizeA" PrettyName="A Multiplier" Group="Extra Attributes"  Type="double" Min="0.0001" Max="2">0.5</Attribute>
        <Attribute Name="gSizeB" PrettyName="B Multiplier" Group="Extra Attributes"  Type="double" Min="0.0001" Max="2">0.5</Attribute>
        <Attribute Name="gSpot" PrettyName="Spot Multiplier" Group="Extra Attributes"  Type="double" Min="0.001" Max="100">1</Attribute>
        <Attribute Name="gGain" PrettyName="Gain Multiplier" Group="Extra Attributes"  Type="double" Min="0.001" Max="100">1</Attribute>
        <Attribute Name="invertR" PrettyName="Invert" Group="Extra Attributes" Type="bool" Min="false" Max="true">false</Attribute>
        <Attribute Name="useClamp" PrettyName="Clamp Values" Group="Extra Attributes" Type="bool" Min="false" Max="true">true</Attribute>
        <!--===============================================================================================================-->
        <Attribute Name="uv" PrettyName="UV Space" Group="Space" Type="bool" Min="false" Max="true" Description="Runs the noise 2d uv based, use offset/scale x/y and rotate z" >false</Attribute>
        <!--===============================================================================================================-->
        <Attribute Name="XScale" PrettyName="Scale X" Group="Transform Scale" Type="double" Min="0" Max="100" Logarithmic="1">1</Attribute>
        <Attribute Name="YScale" PrettyName="Scale Y" Group="Transform Scale" Type="double" Min="0" Max="100" Logarithmic="1">1</Attribute>
        <Attribute Name="ZScale" PrettyName="Scale Z" Group="Transform Scale" Type="double" Min="0" Max="100" Logarithmic="1">1</Attribute>
        <!--===============================================================================================================-->
        <Attribute Name="rX" PrettyName="Rotate X" Group="Transform Rotate" Type="double" Min="0" Max="360">0</Attribute>
        <Attribute Name="rY" PrettyName="Rotate Y" Group="Transform Rotate" Type="double" Min="0" Max="360">0</Attribute>
        <Attribute Name="rZ" PrettyName="Rotate Z" Group="Transform Rotate" Type="double" Min="0" Max="360">0</Attribute>
        <!--===============================================================================================================-->
        <Attribute Name="XOffset" PrettyName="Translate X" Group="Transform Translate" Type="double" Min="0" Max="100" Logarithmic="1">0</Attribute>
        <Attribute Name="YOffset" PrettyName="Translate Y" Group="Transform Translate" Type="double" Min="0" Max="100" Logarithmic="1">0</Attribute>
        <Attribute Name="ZOffset" PrettyName="Translate Z" Group="Transform Translate" Type="double" Min="0" Max="100" Logarithmic="1">0</Attribute>
        <!--===============================================================================================================-->
    </Attributes>
    <Groups>
        <Group Name="Extra Attributes" Expanded="false"></Group>
        <Group Name="Space" Expanded="false"></Group>
        <Group Name="Transform Scale" Expanded="false"></Group>
        <Group Name="Transform Rotate" Expanded="false"></Group>
        <Group Name="Transform Translate" Expanded="false"></Group>
    </Groups>
    <Contexts>
        <Context Type="NodeGraphView">
            <Inputs>
                <Input Name="Input"><Pos>0,-50</Pos></Input>
            </Inputs>
        </Context>
        <Context Type="GLSL">
            <Shader ShaderType='Fragment'>
                <Inputs>
                    <Input Name="Input"> <Default>State.Position</Default> </Input>
                </Inputs>
            </Shader>
            <Shader ShaderType='TessEvaluation'>
                <Inputs>
                    <Input Name="Input"> <Default>State.Position</Default> </Input>
                </Inputs>
            </Shader>
            <Shader>
                <Body><![CDATA[

                // 3d space surface position
                // build the needed vector attributes for position transform, offset max growths exponentially
                vec3 trans = vec3($XOffset,$YOffset,$ZOffset) + vec3($Seed);
                vec3 rotate = vec3($rX,$rY,$rZ);
                vec3 scale = vec3($XScale,$YScale,$ZScale);

                // transform the position to translate,rotate,scale the position
                vec3 P3d = positionTransform(State.Position,trans,rotate,scale);

                // 2d uv space surface position
                // build the needed vector attributes for position transform, offset max growths exponentially
                vec2 UVOffset = vec2($XOffset,$YOffset) + vec2($Seed);
                vec2 UVScale = vec2($XScale,$YScale)*vec2(10.0);

                // transform the position to translate,rotate,scale the position
                vec2 InputScaleUV = relUVTransform(State.UV,$rZ,UVOffset,UVScale,0.5,0.5);

                // blend between 2d and 3d space position
                vec3 P = mix(P3d,vec3(InputScaleUV,1.0),float($uv));

                // general variables for use
                float FillSpots = $FillSpots;
                float gSpot = $gSpot;
                float Gain = $Gain;
                float gGain = $gGain;
                float ABOffset = $ABOffset;
                float Organic = $Organic;
                float DimA = $DimA;
                float DimB = $DimB;
                float gSizeA = $gSizeA;
                float gSizeB = $gSizeB;
                float invertR = float($invertR);
                float useClamp = float($useClamp);

                // exponential growth to compensate for scene size
                float size_pow = (pow(10000.0,ABOffset*ABOffset)-1.0) + 0.0001;

                // fractal sizes multiplied by global sizes to work with big objects
                DimA = DimA*(gSizeA*gSizeA*gSizeA*gSizeA);
                DimB = DimB*(gSizeB*gSizeB*gSizeB*gSizeB);
                float DimAS = pow(DimA,DimB);

                // minimum 0.2 at the moment to prevent too fine of a result
                ABOffset = ($ABOffset+0.2);
                if (ABOffset<1.0)
                {
                    DimAS = 1.0 ;
                }

                // variables for stock mari fractal
                vec3 seed = P*vec3(DimA);
                float noise_val = 0.0;

                // secondary fractal variables
                float result = 0.0;
                float signal = 0.0;
                float weight = 0.0;
                vec3 point = P*vec3(DimB*DimAS);
                int i = 0;
                bool first = true;

                // size of array and octaves defines recursive maximum of secondary ridges
                float exponentArray[10];
                float octaves=10.0;

                float H = 1.0-(FillSpots*gSpot);
                float frequency = (FillSpots*gSpot);
                float lacunarity = ABOffset*ABOffset;
                Gain = Gain*gGain;
                Organic = 1.0-Organic;

                {
                    for (int i = 0; i< 10; ++i)
                    {
                        exponentArray[i] = pow(frequency, -H);
                        frequency *= lacunarity;
                    }

                    first = false;
                }

                // stock mari turbulence for input signal
                float sharpness = log2(1.0+99.0*0.001)/log2(100.0);
                vec3 scaled_seed = pow(2.0,float(i)) * seed / size_pow;
                noise_val += abs(noise(scaled_seed))/pow(6.0-4.0*sharpness,float(i));

                signal = noise_val;

                // get absolute value of signal
                if ( signal < 0.0 ) signal = -signal;
                signal = Organic - signal;

                // square the signal, to increase "sharpness" of ridges
                signal *= signal;
                result = signal;

                for( i=1; i<octaves; i++ )
                {
                    // increasefrequency
                    point.x *= lacunarity;
                    point.y *= lacunarity;
                    point.z *= lacunarity;

                    // weight by previous octave
                    weight = signal * Gain;
                    if ( weight > 1.0 ) weight = 1.0;
                    if ( weight < 0.0 ) weight = 0.0;
                    signal = noise( point );
                    if ( signal < 0.0 ) signal = -signal;
                    signal = Organic - signal;
                    signal *= signal;
                    // weight the contribution
                    signal *= weight;
                    result += signal * exponentArray[i];
                }

                // result = result + $ValOffset;
                float resultClamp = clamp(result,0.0,1.0);
                // float Threshold = softThreshold($threshold,mix(result,resultClamp,useClamp));
                float Threshold = softThreshold($threshold,$thresholdBound,mix(result,resultClamp,float(useClamp)));
                float resultInv = (1.0 - Threshold);
                result = mix(resultInv,Threshold,float($invertR));

                // spotify noise
                Output = mix($colorA,$colorB,result);

                ]]></Body>
            </Shader>
        </Context>
    </Contexts>
</Node>



