<!--
================================================================================
== Voronoi Popcorn
== Copyright (c) 2015 Jens Kafitz. All Rights Reserved.
================================================================================
== File: JK_VoronoiPopcorn.xml
== Description: A Voronoi Based Fractal, with several Noises as offsets. Useful for Veins and other organic features.
== Heavily optimized for displacements.
================================================================================
== Author: Jens Kafitz | Mari Ideascale
== Web: www.campi3d.com
== Web: www.mari.ideascale.com
== Email: MariIdeas@campi3d.com
================================================================================
== Modified Date: August, 12 2014
================================================================================
== Redistribution and use in source and binary forms, with or without
== modification, are permitted provided that the following conditions are met:
==
== 1. Redistributions of source code must retain the above copyright
== notice, this list of conditions and the following disclaimer.
==
== 2. Redistributions in binary form must reproduce the above copyright
== notice, this list of conditions and the following disclaimer in the
== documentation and/or other materials provided with the distribution.
==
== 3. Neither the name of the copyright holder nor the names of its
== contributors may be used to endorse or promote products derived from
== this software without specific prior written permission.
==
== THIS SOFTWARE IS PROVIDED BY THE COPYRIGHT HOLDERS AND CONTRIBUTORS "AS
== IS" AND ANY EXPRESS OR IMPLIED WARRANTIES, INCLUDING, BUT NOT LIMITED TO,
== THE IMPLIED WARRANTIES OF MERCHANTABILITY AND FITNESS FOR A PARTICULAR
== PURPOSE ARE DISCLAIMED. IN NO EVENT SHALL THE COPYRIGHT HOLDER OR
== CONTRIBUTORS BE LIABLE FOR ANY DIRECT, INDIRECT, INCIDENTAL, SPECIAL,
== EXEMPLARY, OR CONSEQUENTIAL DAMAGES (INCLUDING, BUT NOT LIMITED TO,
== PROCUREMENT OF SUBSTITUTE GOODS OR SERVICES; LOSS OF USE, DATA, OR PROFITS;
== OR BUSINESS INTERRUPTION) HOWEVER CAUSED AND ON ANY THEORY OF LIABILITY,
== WHETHER IN CONTRACT, STRICT LIABILITY, OR TORT (INCLUDING NEGLIGENCE OR
== OTHERWISE) ARISING IN ANY WAY OUT OF THE USE OF THIS SOFTWARE, EVEN IF
== ADVISED OF HE POSSIBILITY OF SUCH DAMAGE.
================================================================================
-->


<Node>
    <ID>VoronoiPopcorn</ID>
    <DefaultName>VoronoiPopcorn</DefaultName>
    <Category>Procedural/Custom/MultiFractal/</Category>
    <Inputs>
        <Input Name="Input"></Input>
    </Inputs>
     <Attributes>
        
        <!--===============================================================================================================-->
        <Attribute Name="colorA" PrettyName="Color A" Group="Color" Type="color" Min="(0,0,0,1)" Max="(1,1,1,1)" Description="Color A">(1,1,1,1)</Attribute>
        <Attribute Name="colorB" PrettyName="Color B" Group="Color" Type="color" Min="(0,0,0,1)" Max="(1,1,1,1)" Description="Color B">(0,0,0,1)</Attribute>
        <Attribute Name="invert" PrettyName="Invert" Group="Color" Type="bool" Min="false" Max="true" Description="Invert Noise before applying Colors">false</Attribute>
        <!--===============================================================================================================-->
        <Attribute Name="vor_channel" PrettyName="Voronoi Base" Group="Voronoi Procedure" Type="stringlist">Popcorn,Popcorn,Coffee Bean,Sparse Corn, Crumpled Paper</Attribute>   
        <Attribute Name="vScale" PrettyName="Primary Scale" Group="Voronoi Base" Type="double" Min="0.01" Max="1000" Logarithmic="1" Description="Primary Scale Factor that all noises used in this procedural run through">1</Attribute>
       <Attribute Name="seed" PrettyName="Seed" Group="Voronoi Base" Type="double" Min="1" Max="100000" Logarithmic="1" Description="Random Offset">50</Attribute>
        <!--===============================================================================================================-->
        <Attribute Name="Threshold" PrettyName="Threshold" Group="Threshold" Type="double" Min="0" Max="10" Description="Threshold of final result, the noise has a very low range so with high treshold ranges you can get really fine results" >0.5</Attribute>
        <Attribute Name="Clip" PrettyName="Soft Clip Result" Group="Threshold" Type="double" Min="0.001" Max="10" Description="Threshold of final result, the noise has a very low range so with high treshold ranges you can get really fine results">0.5</Attribute>
        <Attribute Name="Mid" PrettyName="Contrast" Group="Threshold" Type="double" Min="0.001" Max="1" Description="A multiplier of the end noise, resulting in more contrast between color a and color b" >0.1</Attribute>
        <Attribute Name="clamp" PrettyName="Clamp" Group="Threshold" Type="bool" Min="false" Max="true" Description="Clamping of final noise before applying color a/b">true</Attribute>
        <!--===============================================================================================================-->
        <Attribute Name="octaves" PrettyName="Density" Group="Relationship Color A/B" Type="double" Min="1" Max="10" Logarithmic="1" Description="Octaves of primary Noise">2</Attribute>
        <Attribute Name="octaveGain" PrettyName="Density Gain" Group="Relationship Color A/B" Type="double" Min="0.01" Max="50" Logarithmic="1" Description="Octave Gain of primary Noise">3</Attribute>
        <!--===============================================================================================================-->
        <Attribute Name="lacunarity" PrettyName="Secondary Scale" Group="Seondary Noise" Type="double" Min="0" Max="1000" Logarithmic="1" Description="Lacunarity of secondary overlay noise, set to 0 to turn it off">0</Attribute>      
        <Attribute Name="width" PrettyName="Density" Group="Seondary Noise" Type="double" Min="1" Max="10" Logarithmic="1" Description="Scale of secondary Noise">2</Attribute>
        <Attribute Name="widthAdd" PrettyName="Density Gain" Group="Seondary Noise" Type="double" Min="0.01" Max="50" Logarithmic="1" Description="Gain of secondary Noise">3</Attribute>
        <!--===============================================================================================================-->
        <Attribute Name="lrg_shp_iteration" PrettyName="Large Detail Amount" Group="Large Edge Detail" Type="double" Min="0" Max="5" Description="Octaves of noise to offset Shapes with">2</Attribute>
        <Attribute Name="lrg_shp_amp" PrettyName="Detail Amplitute" Group="Large Edge Detail" Type="double" Min="0" Max="10" Description="Amplitute of noise to offset Shapes with">3</Attribute>
        <Attribute Name="lrg_shp_scale" PrettyName="Detail Scale" Group="Large Edge Detail" Type="double" Min="0.001" Max="100" Description="Scale of noise to offset Shapes with, this will always be larger than the one of the secondary offset noise">50</Attribute>
        <!--===============================================================================================================-->
        <Attribute Name="sml_shp_iteration" PrettyName="Small Detail Amount" Group="Small Edge Detail" Type="double" Min="0" Max="5" Description="Octaves of noise to offset Shapes with">1.5</Attribute>
        <Attribute Name="sml_shp_amp" PrettyName="Detail Amplitute" Group="Small Edge Detail" Type="double" Min="0" Max="10" Description="Amplitute of noise to offset Shapes with">3</Attribute>
        <Attribute Name="sml_shp_scale" PrettyName="Detail Scale" Group="Small Edge Detail" Type="double" Min="0.001" Max="50" Description="Scale of noise to offset Shapes with, this will always be smaller than the one of the primary offset noise">15</Attribute>
        <!--===============================================================================================================-->
        <Attribute Name="uv" PrettyName="UV Space" Group="Space" Type="bool" Min="false" Max="true" Description="Runs the noise 2d uv based, use offset/scale x/y and rotate z" >false</Attribute>
        <!--===============================================================================================================-->
        <Attribute Name="XScale" PrettyName="Scale X" Group="Transform Scale" Type="double" Min="0" Max="100" Logarithmic="1" >1</Attribute>
        <Attribute Name="YScale" PrettyName="Scale Y" Group="Transform Scale" Type="double" Min="0" Max="100" Logarithmic="1" >1</Attribute>
        <Attribute Name="ZScale" PrettyName="Scale Z" Group="Transform Scale" Type="double" Min="0" Max="100" Logarithmic="1" >1</Attribute>
        <!--===============================================================================================================-->
        <Attribute Name="rX" PrettyName="Rotate X" Group="Transform Rotate" Type="double" Min="0" Max="360" >0</Attribute>
        <Attribute Name="rY" PrettyName="Rotate Y" Group="Transform Rotate" Type="double" Min="0" Max="360" >0</Attribute>
        <Attribute Name="rZ" PrettyName="Rotate Z" Group="Transform Rotate" Type="double" Min="0" Max="360" >0</Attribute>
        <!--===============================================================================================================-->
        <Attribute Name="XOffset" PrettyName="Translate X" Group="Transform Translate" Type="double" Min="0" Max="100" Logarithmic="1" >0</Attribute>
        <Attribute Name="YOffset" PrettyName="Translate Y" Group="Transform Translate" Type="double" Min="0" Max="100" Logarithmic="1" >0</Attribute>
        <Attribute Name="ZOffset" PrettyName="Translate Z" Group="Transform Translate" Type="double" Min="0" Max="100" Logarithmic="1" >0</Attribute>
        <!--===============================================================================================================-->
    </Attributes>
    <Groups>
        <Group Name="Color" Expanded="false"></Group>
        <Group Name="Large Edge Detail" Expanded="false"></Group>
        <Group Name="Small Edge Detail" Expanded="false"></Group>
        <Group Name="Space" Expanded="false"></Group>
        <Group Name="Transform Scale" Expanded="false"></Group>
        <Group Name="Transform Rotate" Expanded="false"></Group>
        <Group Name="Transform Translate" Expanded="false"></Group>
    </Groups>
     <Contexts>
        <Context Type="NodeGraphView">
            <Inputs>
                <Input Name="Input"><Pos>0,-50</Pos></Input>
            </Inputs>
        </Context>
        <Context Type="GLSL">
            <Shader ShaderType='Fragment'>
                <Inputs>
                    <Input Name="Input"> <Default>State.Position</Default> </Input>
                </Inputs>
            </Shader>
            <Shader ShaderType='TessEvaluation'>
                <Inputs>
                    <Input Name="Input"> <Default>State.Position</Default> </Input>
                </Inputs>
            </Shader>
            <Shader>
                <Body><![CDATA[

                // 3d space surface position
                // build the needed vector attributes for position transform
                vec3 trans = (vec3($XOffset,$YOffset,$ZOffset)) + vec3($seed);
                vec3 rotate = vec3($rX,$rY,$rZ);
                vec3 scale = vec3($XScale,$YScale,$ZScale);

                // transform the position to translate,rotate,scale the position
                vec3 Pos = positionTransform(State.Position,trans,rotate,scale);


                // 2d uv space surface position
                // build the needed vector attributes for position transform, offset max growths exponentially
                vec2 UVOffset = vec2($XOffset,$YOffset) + vec2($seed);
                vec2 UVScale = vec2($XScale,$YScale);

                // transform the position to translate,rotate,scale the position
                vec2 InputScaleUV = relUVTransform(State.UV,$rZ,UVOffset,UVScale,0.5,0.5);

                // blend between 2d and 3d space position
                Pos = mix(Pos,vec3(InputScaleUV,1.0),float($uv));
  
                // Contrast Slider
                // Want slider to be 0-1 but need a bit more range in the contrast
                float Mid = $Mid * 100;


                switch ($vor_channel) // choosing the different channels (RGBA) to use from the popcorn function
                {

                    case 3:
                    Mid = $Mid * 10;
                    break;
                   
                }




                float vor_channel;
                float Threshold = $Threshold;
                float softClip = $Clip;




                // keeping large scale pattern always larger than small scale pattern
                float lrg_shp_scale = ($lrg_shp_scale + $sml_shp_scale );

                vec4 vorPopcorn = popcorn_Frac(Pos/$vScale,$lrg_shp_iteration,$sml_shp_iteration,$octaves,$lacunarity,$octaveGain,$width,$widthAdd,lrg_shp_scale,$sml_shp_scale,$lrg_shp_amp,$sml_shp_amp,1,1)*vec4(Mid);
                
                vec4 colorA = mix($colorA,$colorB,float($invert));
                vec4 colorB = mix($colorB,$colorA,float($invert));


                switch ($vor_channel) // choosing the different channels (RGBA) to use from the popcorn function
                {
                    case 0:
                    default:
                    vor_channel = vorPopcorn.r;
                    softClip = softClip;

                    break;
                    case 1:
                    vor_channel = vorPopcorn.g;
                    break;
                    case 2:
                    vor_channel = vorPopcorn.b;
                    Threshold *= 2.0;
                    softClip = softClip * 2.0;
                    break;
                    case 3:
                    vor_channel = vorPopcorn.a - vorPopcorn.b;
                    Threshold *= 4.0;
                    softClip = (softClip + 0.5) * 6.0;
                    Mid = $Mid * 100;
                    break;
                   
                }


                // thresholding of result, clamping afterwards. This is for maximum displacement softness.
                float blend = softThreshold(Threshold,softClip,vor_channel);
                blend = mix(blend,clamp(blend,0.0,1.0),float($clamp));
          
                vec4 result = mix(colorA,colorB,blend);

                Output  = result;
                

                ]]></Body>
            </Shader>
        </Context>
    </Contexts>
</Node>
